FIRST,LAST,Nation
Naile,MEIGNAN,FRA
Miriam,FOGU,ITA
Vanda,MICHALKOVA,SVK
Lola,SAUTIER,FRA
Polina,KULAGINA,RUS
Kintana,ILTIS,FRA
Julia,LOTZ,AUT
Aida,TORRES ILLAMOLA,ESP
Daria,FURMANOVA,RUS
Betka,DEBEVEC,SLO
Lucija,TARKUS,SLO
Lucie,WATILLON,BEL
Erica,VELEV,BUL
Liv,EGLI,SUI
Pleun,FRANK,NED
Mona,JENEWEIN,AUT
Zoé,EGLI,SUI
Jana,RAUTH,AUT
Pia,ČULJAK,CRO
Nika,POTAPOVA,UKR
Daria,NESTERENKO,UKR
Iana,GULSTEN,RUS
Joëlle,NIEDERBERGER,SUI
Elena,MATIAK-IABLUCHKINA,RUS
Ingrid,KINDLIHAGEN,NOR
Eliška,BULENOVÁ,CZE
Michaela,SMETANOVA,CZE
Vana,PICCINI,CRO
Caterina,DAL ZOTTO,ITA
Tereza,ŠIRŮČKOVÁ,CZE
Marijke,BOOTH,GBR
Evdoxia - Aikaterini,KALLIA,GRE
Pauline,OURY,BEL
Katherine,MACDOUGALL,GBR
Malin,LOCHER,SUI
Gaia Rebecca,TOFT LAURITZEN,DEN
Nora,BOGNAR,SRB
Emma Stöver,WOLLEBAEK,NOR
Adelaide,D'ADDARIO,ITA
Federica,MABBONI,ITA
Adela,BAJEROVA,CZE
Anastasiia,TARNOVETSKA,UKR
Popova,JŪLIJA,LAT
Jessica,MC GARRY,IRL
Robin,CASEY,IRL
Yula,GOLD,ISR
Marta,KLIMASZEWSKA,POL
Anna,DE SOUZA,IRL
Emilie,PUPKO,ISR
Mariana,CARVALHO,POR
Oriane,BERTONE,FRA
Zélia,AVEZOU,FRA
Markéta,JANOŠOVÁ,CZE
Lea,KEMPF,AUT
Sara,COPAR,SLO
Louise,FLOCKHART,GBR
Emilia,WARENSKI,AUT
Lena,SCHRITTWIESER,AUT
Aleksandra,TOTKOVA,BUL
Federica,PAPETTI,ITA
Eva,PUHAR,SLO
Marilu,SOMMER,SUI
Lisa,KLEM,NED
Louna,DESHAYES,FRA
Ella,KERRY,HUN
Anja,KÖHLER,SUI
Saula,LERONDEL,FRA
Gal·la,PÉREZ PETANAS,ESP
Hana,HUMERCA,SLO
Lena,BREUSS,AUT
Sabina,VAN ESSEN,NED
Alessia,MABBONI,ITA
Gwen,MORGAN,GBR
Irina,DAZIANO,ITA
Nore,PELLENS,BEL
Milica,MARJANOVIC,SRB
Ema,SELIŠKAR,SLO
Ekaterina,VASICHKOVA,RUS
Victoria,SMIRNOVA,RUS
Edel,LEMVIK,NOR
Sunniva,ØVRE-EIDE,NOR
Lucia,MIRANDA CID,ESP
Lana,BAKIĆ,CRO
Daria,NAWÓJ,POL
Matilda,COLLINS,GBR
Eni,MALENICA,CRO
Beatrice,COLLI,ITA
Ilia,WIELAND,SUI
Anine,HJORTH ALSTRUP,DEN
Anja,SANTINI MIKULIĆ,CRO
Tilly,VASIC,GBR
Valeriia,VERETENINA,RUS
Zorka,SOMORJAI,HUN
Ksenija,DOBRZINSKA,LAT
Sofia,DURKOVA,SVK
Viktiriia,NIKITINA,UKR
Anna Ludmila,HRBACOVA,CZE
Sabina,SKOUPA,CZE
Francisca,GONÇALVES,POR
Martina,DUSANKOVA,CZE
Annika,LORENTZEN,DEN
M.ª Francisca,GASPAR,POR
Jasmin Justesen,RØNNOW,DEN
Lina,KARKLINA,LAT
Beatriz,ANACLETO,POR
Beatriz,PIMENTEL,POR
Sandra,LETTNER,AUT
Camilla,MORONI,ITA
Flavy,COHAUT,FRA
Ayala,KEREM,ISR
Lucile,SAUREL,FRA
Lucia,DÖRFFEL,GER
Daria,VERETENINA,RUS
Luiza,EMELEVA,RUS
Marie,COLOT,BEL
Eliska,ADAMOVSKA,CZE
Eva Maria,HAMMELMÜLLER,AUT
Roxana,WIENAND,GER
Tetiana,ZAIETS,UKR
Celina,SCHOIBL,AUT
Noa,SHIRAN,ISR
Holly,TOOTHILL,GBR
Mattea,PÖTZI,AUT
Maya,DREAMER,ISR
Hannah,HERMANN,SUI
Leonie,LOCHNER,GER
Yael,BAHARAD,ISR
Elisa,LAURETANO,ITA
Petra,CAMPANA,ITA
Jael,GERBER,SUI
Natalie,TUZOVA,CZE
Isabella Prehn,NYHUUS,DEN
Polina,AKSENOVA,RUS
Regine,STORÅ,NOR
Katerina,MACHARACKOVA,CZE
Mariana,ALMEIDA,POR
Paul,JENFT,FRA
Héctor,BAZAN MARTÍN,ESP
Alberto,GINÉS LÓPEZ,ESP
Lawrence,BOGESCHDORFER,AUT
Louison,BURTIN,FRA
Andrej,POLAK,SLO
Artemii,DERBYSHEV,RUS
Johannes,EGGER,ITA
Ties,VANCRAEYNEST,BEL
Geva,LEVIN,ISR
Eliot,BARNABÉ,FRA
Semen,OVCHINNIKOV,RUS
Tai,TEWKESBURY,GBR
Yoav,ARIELI,ISR
Andrea,ZAPPINI,ITA
Călin,ENACHE,ROU
Jens,DE LOUW,NED
Giorgio,TOMATIS,ITA
Alon,MARON,ISR
Luca,FERRARI,BEL
Petar,ATANASOV,BUL
Sean,O CONNOR,IRL
Jakub,ZIETEK,POL
Dimitar,RUSEV,BUL
Marcus,MC DOWELL,IRL
Artur,BELOUSOV,RUS
Vladimir,ZAKHAROV,RUS
Fabrice,ROHNER,SUI
Matey,MITSEV,BUL
Albert,MUSIL,CZE
Lukas,DOLECEK,CZE
Michel,ERNI,SUI
Jasper,VAN MALDEREN,BEL
Vivian,FUMEAUX,SUI
Leto,CAVÉ,NED
Alexander,HARLACHER,AUT
Hristo,OURUMOV,BUL
Jakub,FABRIC,SVK
Paul,BRAND,NED
Ishay,HALFON,ISR
Filip,KURTOVIĆ,CRO
Emanuele,QUAGLIA,ITA
Örjan,RÖDLAND VAAGE,NOR
Tommy,MYLES,IRL
Ilmari,PIIROINEN,FIN
Martin,MIKULEC,CZE
Afonso Mano,CRISANTO,POR
Daniel Filipe,AUGUSTO,POR
Oskars,STANKEVICS,LAT
Mikael,SUIHKONEN,FIN
Artjoms,ANDREJEVS,LAT
João,ALMEIDA,POR
Toby,ROBERTS,GBR
Edvards,GRUZITIS,LAT
Alessandro,MELE,ITA
Thorben Perry,BLOEM,GER
Gergő,VÁLYI,HUN
Lluc,MACIÀ LLOBET,ESP
Illia,MANIAKIN,UKR
Vladislav,SHUNEVICH,RUS
Louis,GUIGNARD,SUI
Robin,KIRCHMAIR,AUT
Etienne,ABRIAT,FRA
Slav,KIROV,BUL
Amaury,CABEZAS,FRA
Nimród Sebestyén,TUSNÁDY,HUN
Tim,KOROSEC,SLO
Timotej,ROMŠAK,SLO
Attila Zsombor,RADICS,HUN
David,ZINSLER,AUT
CREP,LOVRO,SLO
Bence,FUKSZ,HUN
Paul,CRISTEA,ROU
Anselmo,BAZZANI,ITA
Jan,GURBA,POL
Luca,BOLDRINI,ITA
Jaka,JAKI,SLO
Ofir,RABINOVISH,ISR
Roko,ČAČIJA,CRO
Iurii,KOVALEV,RUS
Ivan,BONEV,BUL
Shaked,MANDLER,ISR
Filippos,LAVRENTAKIS-RIGAKIS,GRE
Maksym,VNUKOV,UKR
Agostino,BEARZI,ITA
Zak,BROWN,GBR
Jitse,REMES,BEL
Maksim,MUKHIN,RUS
Yan,JAKOB,SUI
Silas,MATZER,SUI
Lev,SHCHERBAKOV,RUS
Andreas,KAADA,NOR
Daniel Massimo,ROWOLD,DEN
Phillip,FYHN,DEN
Hugo,COSANO GARCÍA,ESP
Jonas Ryttov,PEDERSEN,DEN
Mário,RIBEIRO,POR
David,ZUQUETE,POR
Malthe,SORVAD RØNNENFELT,DEN
Jindrich,HOUSTEK,CZE
Gustavo,CUNHA,POR
Vasco,AVELAR,POR
Stefan,SCHERZ,AUT
Nicolai,UZNIK,AUT
Maximillian,MILNE,GBR
Nathan,MARTIN,FRA
leo,FAVOT,FRA
Ziga,ZAJC,SLO
Pietro,BIAGINI,ITA
Samuel,WINGARDH,SWE
Matteo,BASCHIERI,ITA
Christoph,SCHWEIGER,GER
Elias,ARRIAGADA KRÜGER,GER
Peter,KURIC,SVK
Michael,O NEILL,IRL
Ymer,ALBER,SWE
Ido,RIND,ISR
Dylan,CHUAT,SUI
Harold,PEETERS,BEL
Vyacheslav,KRASNOPEROV,RUS
Philipp,GEISENHOFF,SUI
Yotam,BEN REUVEN,ISR
David,PICCOLRUAZ,ITA
Sergei,TIUPYSHEV,RUS
Oleksii,KRYNETSKYI,UKR
Nino,GRÜNENFELDER,SUI
Matteo,MANZONI,ITA
Grigorii,PESTOV,RUS
Julien,CLÉMENCE,SUI
Mikel Asier,LINACISORO MOLINA,ESP
Emilien,CASADO,FRA
Štěpán,POTŮČEK,CZE
Šimon,POTŮČEK,CZE
Mykhayil,TKACHUK,UKR
Lukas,FRANCKAERT,BEL
Shachar,BEN HAYUN,ISR
Albert,ILSAAS SUTHURST,NOR
Eneko,CARRETERO CRUZ,ESP
Louis,GUNDOLF,AUT
Max,JØRGENSEN,DEN
Amiad,LIFMAN,ISR
Joseph,WALMSLEY,GBR
Tomáš,LUKÁŠEK,CZE
Frederik,VIBERG,DEN
Carl-William,SANDBERG,SWE
Theofanis Ermis,THEOCHAROPOULOS,GRE
Urska,REPUSIC,SLO
Vita,LUKAN,SLO
Irina,KUZMENKO,RUS
Alma,BESTVATER,GER
Yael,TAUB,ISR
Johanna,FÄRBER,AUT
Anna,BORELLA,ITA
Natalie,BERRY,GBR
Tara,HAYES,GBR
Martina,ZANETTI,ITA
Daria,MALYSHEVA,RUS
Giulia,MEDICI,ITA
Jennifer,WOOD,GBR
Sunniva Eik,HAAVE,NOR
Andrea,EBNER,ITA
Ida,KUPS,POL
Margaryta,ZAKHAROVA,UKR
Elena,VERETENNIKOVA,BLR
Agniete,SEIBOKAITE,LTU
Bianka,JANECKA,POL
Veronika,SCHEUEROVA,CZE
Natalia,KALUCKA,POL
Aleksandra,KALUCKA,POL
Yevheniia,CHERNIAVSKA,UKR
Malgorzata,RUDZINSKA,POL
Mickael,MAWEM,FRA
Sergei,SKORODUMOV,RUS
Vadim,TIMONOV,RUS
William,RIDAL,GBR
Jeremy,BONDER,FRA
Piotr,SCHAB,POL
Nathan,PHILLIPS,GBR
Max,PRINZ,GER
Leo,AVEZOU,FRA
Nimrod,MARCUS,ISR
Martin,STRANIK,CZE
Alex,KHAZANOV,ISR
Florian,KLINGLER,AUT
Stefan,SCARPERI,ITA
Rolands,RUGENS,LAT
Arthur,TERNANT,FRA
Alfons,DORNAUER,AUT
Sergii,TOPISHKO,UKR
Rolf Fredrik,SERLACHIUS,SWE
Aleksey,RUBTSOV,RUS
Matthias,ERBER,AUT
Max,KLEESATTEL,GER
Adrian,CHMIALA,POL
Jan-Luca,POSCH,AUT
Tamás,FARKAS,HUN
Elias,IAGNEMMA,ITA
Fedir,SAMOILOV,UKR
Philipp,MARTIN,GER
Ádám,BAKURECZ,HUN
Matic,KOTAR,SLO
Stepan,VOLF,CZE
Joris,LEIPUS,LTU
Don,VAN LAERE,NED
Maksim,NIKIFARAVETS,BLR
Evgenii,ZAZULIN,RUS
Kipras,BALTRUNAS,LTU
Carmel,RAZ ROMEO,ISR
Stefan,BEDNAR,SVK
Maciej,DOBRZANSKI,POL
Ignas,KISIELIUS,LTU
Milos,NEMY,SVK
Ionut-Cosmin,ATOMEI,ROU
Arkadiusz,MILLAN,POL
Germanis,KLAVS,LAT
Stepan,STRANIK,CZE
Luce,DOUADY,FRA
Natsumi,HIRANO,JPN
Saki,KIKUCHI,JPN
Hana,KUDO,JPN
Emily,PHILLIPS,GBR
Sienna,KOPF,USA
Paige,BOKLASCHUK,CAN
Sarah Kate,ASHTON,USA
Jessica,FECANIN,SVK
Quinn,MASON,USA
Riley,GALLOWAY,CAN
HYEWON,JOO,KOR
Hannah,SMITH,GBR
Erin,STERKENBURG,RSA
Maria,BENACH ZUBERO,ESP
Indiana,CHAPMAN,CAN
Seoyeon,PARK,KOR
Réka,SÁNDOR,HUN
leah,JEFFRIES,AUS
Jordyn,DAMASCO,AUS
Athanasia,LIOUNI,GRE
Ignacia,MELLADO QUINTEROS,CHI
Aleksandra,SCERBINA,LTU
Jacinth,LAPIN,RSA
Yena,PI,KOR
Eszter,RIESING,HUN
Lucie,DELCOIGNE,BEL
Phoebe,KENDERDINE,NZL
Ella,EASTON,AUS
Tua,JACOBSSON,SWE
Tayla,MANNING,NZL
Shreya Sanjay Nankar,NANKAR,IND
Ritika,RAWAT,IND
Blanka,RUBINT,HUN
Regina,SALAZAR PUGA,MEX
Clara,BLOM-DANDOY,SWE
Iasmin,DE QUEIROZ FREITAS,BRA
Georgiana,DORWARD,RSA
Asal,ISLAMOVA,UZB
Emilie,TIRADO,ECU
Adeliya,UTESHEVA,KAZ
Ariana,VAN LITH,NZL
Ryu,NAKAGAWA,JPN
Hana,KOIKE,JPN
Angie,SCARTH-JOHNSON,AUS
Campbell,SARINOPOULOS,USA
Sana,OGURA,JPN
GENEVIEVE,DENNIS,USA
Heeju,NOH,KOR
Ellisa,ANDRES,AUS
Lucija,BRKIĆ,CRO
Marina,KUSHANINA,RUS
Mira,CAPICCHIONI,USA
Emi,TAKASHIBA,CAN
Carmen,CONTRERAS,CHI
Marie,SCHÖPFER,AUT
Nalat,DISYABUT,THA
SYDNEY,PARK,CAN
Bar,SNIR,ISR
Maria,FISEYSKAYA,RUS
Nattcha,RAVIWONGSE,THA
TULA,SHERKAT,CAN
Abby,GEBERT,NZL
Rauen,KROHN,RSA
Kateryna,PEDKO,UKR
Napat,DISYABUT,THA
Daniela,PARADELA GUERRERO,MEX
Beatriz,ROSAS,CHI
Anastasiia,SKIDAN,UKR
Anisha,VARMA,IND
Ashley,BROOKS,AUS
Dorota,BULANDOVA,SVK
Caitlyn,BURWOOD,RSA
Sohha Ninad,DIWAN,IND
Olga,EXAKOIDI,GRE
Ariadna,HERRANZ GONZÁLEZ,ESP
Lara,KMOCH,CRO
Rachael,KUHN,RSA
Imgyeong,LEE,KOR
Valeria,MARTÍNEZ CUEVAS,MEX
Zuzanna,MIENTUS,POL
Maria,NEDELCHEVA,BUL
Zoi,PALTATSIDOU,GRE
Dasom,YUN,KOR
Dayana,CORREA,ECU
ADLIYAH BAIQUNI,EGALITA,INA
Camila,GONZALEZ,CHI
YELIZAVETA,LITUS,KAZ
Elise,MANNERSTRÅLE,SWE
ALINA,PONOMARYOVA,KAZ
Roberta,PORTALES TAMAYO,MEX
Alia,ROBINSON,NZL
Niki,SAKKA,GRE
Saniya,SHEIKH,IND
Joy,WILLIAMS,NZL
Laura,ROGORA,ITA
Natalia,GROSSMAN,USA
Cloe,COSCOY,USA
Valentina,AGUADO,ARG
Anastasiia,EVGENEVA,RUS
Bronwen,KARNIS,CAN
Gwyneth,UTTLEY,GBR
Sophie,BUITENDYK,CAN
Hannah,MEUL,GER
Mao,NAKAMURA,JPN
Naama,YOHAI,ISR
Alejandra,CONTRERAS,CHI
Sara,MORANDINI,ITA
Mimu,KUROOKA,JPN
Ariana,MATHEWS,USA
Rut,CASAS MUR,ESP
Olimpia,ARIANI,ITA
Zoe,PEETERMANS,GBR
Yuka,HIGUCHI,JPN
Freja,DUNCAN,SWE
Yelyzaveta,LAVRYKOVA,UKR
Dagyeong,HAN,KOR
Annabelle,CLEARY,AUS
Beatrix,EVANS,CAN
Sarah,TETZLAFF,NZL
Tseng-shun,WONG,HKG
Anastasiia,FESENKO,UKR
Tereza,KUBATOVA,CZE
Hyeonsu,KIM,KOR
Hyejun,KIM,KOR
Shilpa,CHARAK,IND
Camilla,CIBULKA,RSA
Kim,FORDE,NZL
María Fernanda,HIDALGO AMEZQUITA,MEX
Milena,KROHN,RSA
VALERIYA,LANKOVA,KAZ
Abby,MANNING,AUS
Sophia,OSIPOVA,NZL
Mia Stöver,WOLLEBAEK,NOR
Ao,YURIKUSA,JPN
Hamish,MCARTHUR,GBR
Hajime,TAKEDA,JPN
Rei,KAWAMATA,JPN
Taiga,SAKAMOTO,JPN
Nathaniel,SURMA,USA
Thomas,PODOLAN,AUT
Zander,WALLER,USA
Wonwoo,HAN,KOR
Davide Marco,COLOMBO,ITA
Johannes,HOFHERR,AUT
Guy,MCNAMEE,CAN
Jarrell,SOH JIT KAI,SGP
Luke,GOH WEN BIN,SGP
Benjamin,NEWMAN,CAN
Hlib,SUKHOVOI,UKR
Jordan,FISHMAN,USA
Anej,BATAGELJ,SLO
Lasse,VON FREIER,GER
Brennan,DOYLE,CAN
Roman,SIVAKOV,LTU
Sangram,MALIK,IND
Leonardo,MAGALLANES TEJADA,MEX
Jeonghoe,KIM,KOR
Dario,JOST,SUI
Alistair,STUBBS,RSA
Diego Eugenio,ZUÑIGA GONZÁLEZ,MEX
Jared,RODRIGUES,RSA
Maxim,PARE,AUS
Matthew,JONES,NZL
Sumin,LEE,KOR
Aphiwit,LIMPANICHPAKDEE,THA
John-Philip,NOEL-BAKER,GRE
Daniel,SMITH,GBR
Matthew,GRUNEWALD,RSA
Emmanouil,MAVROMATIS,GRE
Mathias,RASK JUNKER,DEN
Mateus,BELLOTTO,BRA
Matus,VALEK,SVK
Christian,WAGNER,CHI
Benjamin,AGUADO DEJEAS,CHI
Milosz,BUJAK,POL
Modestas,KLIMAVICIUS,LTU
Beknur,ALTYNBEKOV,KAZ
Poksakon,CHOTIKKRAI,THA
Ameya,LAMBAT,IND
Aaron,MATTES,AUS
Jair Octavio,MORENO MONTOYA,MEX
Mykhailo,DRACHENKO,UKR
ILDAR,MUKHAMADEYEV,KAZ
Rutoo Rahul,PENDSE,IND
Mark,ROGALEV,UZB
Nichol,TOMAS,THA
Junta,SEKIGUCHI,JPN
Oscar,BAUDRAND,CAN
Adam,ADAMOVSKY,CZE
Oliver,KUANG,USA
Satone,YOSHIDA,JPN
Illia,BAKHMET-SMOLENSKYI,UKR
Brian,SQUIRE,USA
Haruki,UEMURA,JPN
Joseph,XIBERRAS,GBR
Leander,CARMANNS,GER
Reece,CHAPMAN,USA
Joshua,MENNELL,AUS
Oskar,WOLFF,NZL
Dylan,LE,CAN
Ondrej,MAZL,CZE
Jim,ZEIMES,LUX
Vin,SUKAPANPOTHARAM,THA
Aman,VARMA,IND
Paolo,RIVADENEIRA,ECU
Leo,SKINNER,GBR
Joanes,ESPARTA FRADE,ESP
TJ,FOLEY,CAN
Hryhorii,ILCHYSHYN,UKR
jose tomas,LEDESMA,CHI
Leyroy,HARLEY,AUS
Dohyeon,KIM,KOR
Juho,KIM,KOR
Taeyun,KIM,KOR
Elliot,ERIKSSON,SWE
Joaquin,URRUTIA,CHI
Mikel,PAZ Y PUENTE HOFMANN,MEX
Lukas,ZGRAGGEN,SUI
Dimitrios,KALLIKAS,GRE
YEVGENIY,BRYAKIN,KAZ
Jack,BURNINGHAM,RSA
Rafael,ESCARRAGA LOPEZ,MEX
Jakhongir,KHASANOV,UZB
Jordan,NIGHTINGALE,RSA
Nicholas,GIANNONE,RSA
Magnus Silas Hjorth,SIERSLEV,DEN
ZHUSSIP,SEITOV,KAZ
Sohta,AMAGASA,JPN
Katsura,KONISHI,JPN
Shuta,TANAKA,JPN
Sam,AVEZOU,FRA
Zach,RICHARDSON,CAN
Pierre,LE CERF,FRA
Nikolai,MICHUROV,RUS
Sam,LAVENDER,AUS
Sam,MCQUEEN,USA
Suraj,SINGH,IND
Galo,HERNANDEZ,ECU
Seto,SETO,INA
Elijah,KISER,USA
John,BROCK,USA
Mark,CHAN CHONG KIAT,SGP
Finn,BATTERSBY,CAN
Leonid,OSADCHYI,UKR
Aiden,DUNNE,GBR
Klemen,NOVAK,SLO
Stoyan,PETROV,BUL
Andoni,ESPARTA FRADE,ESP
Sean,FAULKNER,CAN
Jesse,RUFFINI,AUS
Seongmin,EOM,KOR
Emilio,RIOS,CHI
Thomas,WALDIN,NZL
Rafael,CORONADO,LUX
Cheuk-nam,WONG,HKG
Damien,BLOKKER,RSA
Ned,MIDDLEHURST,AUS
Chanjun,LEE,KOR
Uri,AGMON,ISR
David,SHEPPARD,NZL
Jacinto,VELASCO LOZANO,MEX
Thor,VILLEGAS GARCÍA,MEX
Egor,DULUB,RUS
Nickolaie,RIVADENEIRA,ECU
Hongik,CHOI,KOR
Frederik,VIBERG CHRISTIANSEN,DEN
Pedro,AVELLAR,BRA
Kiromal,KATIBIN,INA
Aaron,PEÑARANDA,ECU
David Alejandro,SUÁREZ SILVA,MEX
Christopher,COSSER,RSA
Joaquin,SQUELLA,CHI
Alexandros,LAVDAS,GRE
Rahmad,ADI MULYONO,INA
Sergey,BESMERTNYKH,KAZ
Jaco,BURGER,RSA
ANDREY,BURZHINSKIY,KAZ
Pedro,EGG,BRA
Ratmir,GAFAROV,LTU
Thokchom Boynao,SINGH,IND
Robert,SANTHA,ROU
Janja,GARNBRET,SLO
Akiyo,NOGUCHI,JPN
Shauna,COXSEY,GBR
Ievgeniia,KAZBEKOVA,UKR
Miho,NONAKA,JPN
Nanako,KURA,JPN
Futaba,ITO,JPN
Alannah,YIP,CAN
Fanny,GIBERT,FRA
Petra,KLINGLER,SUI
YueTong,ZHANG,CHN
Lucka,RAKOVEC,SLO
Chaehyun,SEO,KOR
Kyra,CONDIE,USA
Anne-Sophie,KOLLER,SUI
Sofya,YOKOYAMA,SUI
Mia,KRAMPL,SLO
Afra,HÖNIG,GER
Elena,KRASOVSKAYA,RUS
Jain,KIM,KOR
Viktoriia,MESHKOVA,RUS
Andrea,KÜMIN,SUI
Sol,SA,KOR
Ashima,SHIRAISHI,USA
Oceania,MACKENZIE,AUS
Ai,MORI,JPN
Alex,JOHNSON,USA
Jessica,PILZ,AUT
Anouck,JAUBERT,FRA
Mei,KOTAKE,JPN
Elnaz,REKABI,IRI
Di,NIU,CHN
Brooke,RABOUTOU,USA
Julia,CHANOURDIE,FRA
Tatiana,SHEMULINKINA,RUS
Hung Ying,LEE,TPE
Allison,VEST,CAN
Andrea,ROJAS,ECU
Tiffany,MELIUS,AUS
Lan,KIM,KOR
Rong,JIANG,CHN
Aleksandra,MIROSLAW,POL
Iuliia,PANTELEEVA,RUS
Lucinda Ann,STIRLING,AUS
Puntarika,TUNYAVANICH,THA
Thais Makino,SHIRAIWA,BRA
YuZhen,BAIMA,CHN
Margarita,AGAMBAYEVA,KAZ
YiLing,SONG,CHN
Tamara,ULZHABAYEVA,KAZ
Prateeksha,ARUN,IND
Anna,DAVEY,AUS
RACHELLE,DE CHARMOY,RSA
Rebecca,FRANGOS,CAN
Jayati,GADAMSHETTY,IND
María Fernanda,GONZÁLEZ RÁMIREZ,MEX
Valeria,MACIAS FERREIRA,MEX
Assel,MARLENOVA,KAZ
Roxy,PERRY,AUS
Wai-ping,YU,HKG
Anna,BROZEK,POL
Patrycja,CHUDZIAK,POL
Jennifer Marie,DE LA TORRE,MEX
Arantza,FERNÁNDEZ GUTIERREZ,MEX
Dhanshri,LEKURWALA,IND
Hsiu-Ju,LIN,TPE
Arantza,LUNA VELASCO,MEX
Bianca,MAGALHAES DE CASTRO,BRA
Siddhi Shekhar,MANERIKAR,IND
Joanna,NEAME,GBR
Amour,PAZ,ISR
Tomoa,NARASAKI,JPN
Jakob,SCHUBERT,AUT
Yannick,FLOHÉ,GER
Kokoro,FUJII,JPN
Keita,DOHI,JPN
Adam,ONDRA,CZE
Rei,SUGIMOTO,JPN
Rudolph,RUANA,USA
Kai,HARADA,JPN
Jernej,KRUDER,SLO
Jan,HOJER,GER
Jongwon,CHON,KOR
Meichi,NARASAKI,JPN
Yoshiyuki,OGATA,JPN
Sean,MCCOLL,CAN
Manuel,CORNU,FRA
Nathaniel,COLEMAN,USA
Michael,PICCOLRUAZ,ITA
Hanwool,KIM,KOR
Anze,PEHARC,SLO
Sascha,LEHMANN,SUI
Alexander,MEGOS,GER
Domen,SKOFIC,SLO
Nicolas,COLLIN,BEL
Jason,HOLOWACH,CAN
Zach,GALLA,USA
Sean,BAILEY,USA
Egor,KRYACHKOV,RUS
Hannes,PUMAN,SWE
Gregor,VEZONIK,SLO
William,BOSI,GBR
Rishat,KHAIBULLIN,KAZ
YuFei,PAN,CHN
Thilo Jeldrik,SCHRÖTER,NOR
Carlos,GRANJA,ECU
Tim,REUSER,NED
Chia Hsiang,LIN,TPE
Yuval,SHEMLA,ISR
Stefano,GHISOLFI,ITA
Chi-fung,AU,HKG
Joe,GOODACRE,USA
Marcello,BOMBARDI,ITA
Ka-chun,YAU,HKG
Cheung-chi Shoji,CHAN,HKG
Jabee,KIM,KOR
Campbell,HARRISON,AUS
Davoud,REKABI,IRI
Ben,ABEL,AUS
Ludovico,FOSSALI,ITA
Nikolai,IARILOVETS,RUS
Thomas,FARRELL,AUS
Lucas,UCHIDA,CAN
Sirapob,JIRAJATURAPAK,THA
Aleksandr,SHIKOV,RUS
Bassa,MAWEM,FRA
QiXin,ZHONG,CHN
Romain,DESGRANGES,FRA
Cesar,GROSSO,BRA
Alexander,CVETKOVSKI,AUS
Jakub,KONECNY,CZE
Chingkheinganba,MAIBAM,IND
Dohyun,LEE,KOR
Ram,LEVIN,ISR
George,SANDERS,NZL
Danny,VALENCIA,ECU
John,BROSLER,USA
Loïc,TIMMERMANS,BEL
Yarden,PILPEL,ISR
Singh,ADARSH,IND
Gaurav,KUMAR,IND
Zaheer,AHMAD,PAK
Long,CAO,CHN
Marcin,DZIENSKI,POL
Emmanuel,ESTRADA DE ARTOLA,MEX
Akmal,JUMANIYAZOV,UZB
Sahil,KHAN,IND
Or,MINIELY,ISR
Winai,RUANGRIT,THA
Emilio,VALDEZ GARDUÑO,MEX
Ying-Chieh,WEN,TPE
Felipe,HO FOGANHOLO,BRA
Jan,KRIZ,CZE
Thattana,RAKSACHAT,THA
Santiago,GARCIA,ARG
Danyil,BOLDYREV,UKR
Calrin,CURTIS,RSA
Hritik,MARNE,IND
Javier Iván,MOLINA FRANCO,MEX
Margo,HAYES,USA
Natsuki,TANII,JPN
Chloe,CAULIER,BEL
Sierra,BLAIR-COYLE,USA
Vera,ZIJLSTRA,NED
Berit,SCHWAIGER,AUT
Mia,BAWENDI,USA
Piper,KELLY,USA
Madison,FISCHER,CAN
Molly,THOMPSON-SMITH,GBR
Muykuay,SILVA,CHI
Itziar,ZABALA ZURINAGA,ESP
Heeyeon,PARK,KOR
Katrine,VANDET SALLING,DEN
Laura,STÖCKLER,AUT
Noelia,VENET GALLEGOS,PER
Ana Belén,ARGUDO MARUGAN,ESP
Sofia Alejandra,HERRERA VEGA CENTENO,PER
Lilly,MAGDITSCH,AUS
Taisei,ISHIMATSU,JPN
Tomoaki,TAKATA,JPN
Matt,FULTZ,USA
Aidan,ROBERTS,GBR
Simon,LORENZI,BEL
Héctor Adrián,MARTÍNEZ CORDERO,MEX
Nathan,SMITH,CAN
Josh,LEVIN,USA
Diego,LEQUERICA,PER
Leonardo,DE RIVERO HUAMAN,PER
Franz Josef,WEBER,MEX
German David,SANCHEZ,MEX
Alejandro,MARTINEZ CORDERO,MEX
Franklin,CARDENAS VICENTE,PER
Anna,LECHNER,GER
Charlène,TILBORGHS,BEL
Elsa,RAVINET,FRA
Anastasiia,TISHCHENKO,UKR
Danai,VALSAMIDI,GRE
Eszter Evelin,FORGÁCS,HUN
Desislava,DIMOVA,BUL
Alma,MARKMAN,ISR
Valeriia,HRITSKOVA,UKR
Luise,SVENSSON,GER
Lili,CORNELY,GER
Tine,WALRAEVENS,BEL
Charlotte,WEYNANTS,BEL
Ite,LEMIÈRE,BEL
Karolina,GENDOVA,CZE
Anna,BAKURECZ,HUN
Kateryna,SHEVCHENKO,UKR
Yuliya,NIKIFARAVETS,BLR
Yoanna,NEDYALKOVA,BUL
Noe Nina,PERGAMENTZEV,ISR
Myrto,ARGYRIOU,GRE
Laura,LAMMER,AUT
valentine,MANGIN,FRA
Clothilde,MORIN,FRA
Ine,VAN ZEGBROECK,BEL
Lisa,HARDIQUEST,BEL
Tuva Eik,HAAVE,NOR
Luisa,FLOHÉ,GER
Silvia,ABATE,ITA
Ysa,RAKESTRAW,NED
Vella,NEDELCHEVA,BUL
Iliann,CHERIF,FRA
François,MERTENS DE WILMAR,BEL
Philipp,KUCZORA,GER
Liam,TRICOIRE,FRA
Matteo,ZURLONI,ITA
Alessandro Eitel,PUCCI MANILDO,ITA
Tobias,REIDEL,NOR
András,HARCSA-PINTÉR,HUN
Rares Stefan,POPESCU,ROU
Ludvig,HULT,SWE
Ynze,VISSER,NED
Panagiotis,NANOUSIS,GRE
David,VANTOIA,ROU
Jack,LOTROVSKY,ISR
Nikolaos,KYRIMLIDIS,GRE
Maksym,YAKOVLEV,UKR
Sevar,GEORGIEV,BUL
Justin,BOUKANDJA BATHOL,FRA
Mikuláš,PETRIK,CZE
Alfie,DUCKWORTH,GBR
Jack,MACDOUGALL,GBR
Arthur,BOUQUET,BEL
Bohdan,BULAKH,UKR
Kristoffer Raa,DANIELSEN,NOR
Yoan,MIHAYLOV,BUL
Nathan,ROUSSELLE,BEL
Nadav,LAROM,ISR
Ivan,HINAK,BLR
Preslav,GEORGIEV,BUL
Dragos Gabriel,FLUERARU,ROU
Daniel Denis,ANDREI,ROU
Vasileios,GLIATIS,GRE
Mathieu,MIQUEL,FRA
Lionel,BAUDUIN,BEL
Mats,VANCRAEYNEST,BEL
Simone,MABBONI,ITA
Zsombor Koppány,TÁBOROSI,HUN
Nikola,MIRCHEV,BUL
Stephan,REST,AUT
Leo,CHIBA,NOR
Konrad,GRUSZKA,POL
Katja,KADIC,SLO
Aya,SUGAWARA,JPN
Natalie,BÄRTSCHI,SUI
Hannah,SLANEY,GBR
Julia,PINGGERA,AUT
Elisa,VAN DER WEL,GER
Julijana,KRUDER,SLO
Helene,WOLF,GER
LINDA,SJÖDIN,SWE
Annika,PIDDE,GER
Celine,CUYPERS,BEL
serika,OKAWACHI,JPN
Katrin,AMANN,SWE
Tiba,VROOM,NED
Valeri,KREMER,ISR
Myrto,PETALIDOU,GRE
Shifra,BEN AVRAHAM,ISR
Sanja-Riia,COLLIN,FIN
Lurdes,GADALA-MARIA,GUA
Yasmin,HERRERA,GUA
Iuliia,KAPLINA,RUS
Anna,KRAJUSHKINA,EST
Hannah,SEALY-FISHER,RSA
Yuji,INOUE,JPN
Alban,LEVIER,FRA
Gholamali,BARATZADEH,IRI
Keita,WATABE,JPN
Kevin,HEINIGER,SUI
Luka,POTOCAR,SLO
Alexander,AVERDUNK,GER
Kim,MARSCHNER,GER
Soya,SHIMADA,JPN
David,BARRANS,GBR
Zan,SUDAR LOVENJAK,SLO
Cheuk-hei,HO,HKG
Georg,PARMA,AUT
James,POPE,GBR
Bjørn,ARNEL IISAGER,DEN
Nils,FAVRE,SUI
Benjamin,BLASER,SUI
Mark,BRAND,NED
Vladislav,BUDNIK,RUS
Roman,KUCERA,CZE
Alejandro,CRESPO COBOS,ESP
Elko,SCHELLINGERHOUT,NED
Jakub Jiri,SVUB,SVK
Rasmus,HÜDSI,EST
Javier,CANO BLAZQUEZ,ESP
Bohdan,BOTNAR,UKR
Joshua,DAMASCO,AUS
Markus,MUINONEN,FIN
Thomas,SALAKENOS,BEL
Dylan,BARKS,USA
Victor,SEBROS,GRE
Theis Lindegren,ELFENBEIN,DEN
Arnaud,ANSION,BEL
Vlad,CRISTIAN,ROU
Tommi,HAAPALA,FIN
Sarunas,OBERAUSKAS,LTU
Sergio,PASTOR MARTÍNEZ,ESP
Orfeas,TSIAOUSIS,GRE
Matthaios,VALSAMIDIS,GRE
Ronny,ESCOBAR,CHI
Cristian,LANUZA,GUA
Maksim,LIND,EST
Keit,NURGA,EST
Tomi,SALO,FIN
David,ZAVACKY,SVK
Stephanie,LEITNER,AUT
Letija,FAJFAR,SLO
Candice,POULLAIN,FRA
Helena,WALTZ,GER
Camille,POUGET,FRA
Daria,GARKINA,RUS
Perrine,BIEUX,LUX
Maja,MAJCEN,SLO
Olivia,MERCKENS,AUT
Lea,BÜSGEN,GER
Petra,ČULIĆ,CRO
Telma,SANTOS,POR
Malgorzata,WLODARCZYK,POL
Viola,BATTISTELLA,ITA
Erin,MCNEICE,GBR
Emilia,MERZ,GER
Magdalena,KOMPEIN,AUT
Giulia,DI TOMMASO,ITA
Hannah,KERR,GBR
Marjolein,VANSTRAELEN,BEL
Filipa,SILVA,POR
Mailys,PIAZZALUNGA,FRA
Laura,TIZON,FRA
Janka,GIRET,HUN
Noa Rosanna,GLAUSER,SUI
Sara,WERTHMÜLLER,SUI
Resnik,ALJAZ,SLO
Tim,WÜRTHNER,GER
Mischa,RADT,NED
Cristian,RÂPĂ,ROU
Igor,BOBRENEV,RUS
Cedric Lluc,MILLES,GER
Ondřej,SLEZÁK,CZE
Veikka,VOLOTINEN,FIN
Christoph,BRÄUER,AUT
Viljami,TUOMISTO,FIN
Bine,MEKE,SLO
Andreas,HOFHERR,AUT
Mikula,BAŠIĆ,CRO
Pedro,PATO,POR
Yuval,HAREL,ISR
Einav yarden,DANIELS,ISR
Jude,MC INERNEY,IRL
Máté András,VISZLAI,HUN
Pedro,MOITA,POR
Louis,FECHOZ,FRA
Matteo,MAROBIN,FRA
Florian,SCHWEIGER,GER
Aimar,USON POBES,ESP
Niko,RIMAC,CRO
Michel,SIEDLER,GER
Julian,WIMMER,AUT
Konstanty,SOBANSKI,POL
Meritas,BABILAS,LTU
Piotr,NIZNIK,POL
Davide,ZANE,ITA
Luka,JERMAN,SLO
David,RUNGGATSCHER,AUT
Miguel,PEDROSA,POR
Maciej,JANUSZ,POL
Emil,TEUFEL,AUT
Martin,SMILNAK,SVK
Andrej,BUZASI,SVK
Filip,SCHENK,ITA
Havijer,LESNIK,SLO
Moritz,SIGMUND,ITA
Olaf,MALINOWSKI,POL
Roman,NEUWIRTH,AUT
Jakub,SKOCDOPOLE,CZE
Olof,MORSING,SWE
Louis,DEBRULLE,BEL
Louis,BÉTRISEY,SUI
Hauk Steinsson,LEM,NOR
Aleksi,MIKKOLA,FIN
Erik,VALKILA,FIN
Aiko,HERBOS,BEL
Manon,HILY,FRA
Anna,TSYGANOVA,RUS
Heloïse,DOUMONT,BEL
Valiantsina,CHAMIAKINA,BLR
Virgita,NADYA PUTRI,INA
Iqamah,NURUL,INA
Aliaksandra,MISIUKEVICH,BLR
Salsabila,SALSABILA,INA
PeiYang,TIAN,CHN
Hoi-ying,TO,HKG
Amanda,SPEED,NZL
Aries,SUSANTI RAHAYU,INA
Choirul,UMI CAHYANING AYUB,INA
Sergei,LUZHETSKII,RUS
Minyoung,LEE,KOR
Fatchur,ROJI,INA
Hei-yeung,LAM,HKG
Francesco,VETTORATA,ITA
ODE RIFALDI,RIDJAYA,INA
Chase,GATLAND,NZL
Lasa,TEMI,INA
Aspar,JAELOLO,INA
Wan Tong,LOK,MAC
Kristoffer,LINDBÄCK,SWE
Aliaksandr,IVANOU,BLR
Kostiantyn,PAVLENKO,UKR
Alfian,MUHAMMAD,INA
Camille,DE WIT,BEL
Paola,NEAL-FAGAN,IRL
Arina,OPASHKO,UKR
Lela,HENTSCHEL,SUI
Haizea,OSES SÁIZ,ESP
Madalena,CASANOVA,POR
Antia,FREITAS RIAL,ESP
Thea,CAMERON,GBR
Frederike,FELL,GER
Mafalda,ALMEIDA,POR
Finley,WOOD,GBR
Iwan,PASVEER,NED
Aitor,MARTÍNEZ ADRADOS,ESP
Tim,BUCHER,SUI
Sindre Aarø,MAULAND,NOR
Afonso,MENDES,POR
Lars,MATRE,NOR
Emil,ZIMMERMANN,GER
Teodor,KIRKEBØ,NOR
Trym Skuggen,LANDMARK,NOR
Alexandre,LOPES,POR
Pablo,RODRÍGUEZ SALAS,ESP
Kieran,FORREST,GBR
Jonas,BRANDENBURGER,GER
Diogo,PIRES,POR
Rafael,FERNANDES,POR
Charlotte,ANDRE,FRA
Ka-yan,WONG,HKG
Ryuichi,MURAI,JPN
Dmitrii,FAKIRYANOV,RUS
Muhammad Taqiuddin,BIN MOHD ZULKIFLI,MAS
Mohd Izzat,MOHD SHOKOR,MAS
Ching Huei,CHANG,TPE
Anna,ZAIKINA,RUS
Anna,MARGOLINA,RUS
Maëlys,AGRAPART,FRA
Mahya,DARABIAN,IRI
Flora,FROESE,AUS
Evgeniya,LAPSHINA,RUS
Julia,MEIJER,NED
ZhuoYing,CHEN,CHN
Nasim,BIYARJOMANDY,IRI
Nikki,VAN BERGEN,NED
Volha,RAK,BLR
Dominik,HAERTL,AUT
Dmitrii,SHARAFUTDINOV,RUS
Yury,NOVITSKIY,RUS
Konstantin,MITIN,RUS
Aliaksandr,KLIUZHAU,BLR
Nikita,LOGUNOV,BLR
Max,AYRTON,GBR
Tomas,DUCHON,CZE
Amir,MAIMURATOV,KAZ
Dzmitry,NIKANORAU,BLR
Amir,NOURI,IRI
Mohammadamin,YAZDIZAD,IRI
Franziska,STERRER,AUT
Michelle,HULLIGER,SUI
Kajsa,ROSEN,SWE
Olga,FEDYUK,POR
Yuliya,KEREMEDCHIEVA,BUL
Rut,MONSECH GASCA,ESP
Nóra,KIRÁLY,HUN
Beatriz,COIMBRA,POR
Eric,LOPEZ MATEOS,ESP
Soma,STROMMER,HUN
Dimitri,VOGT,SUI
João,EVORA,POR
Rochelle,SUAREZ,PHI
Milky Mae,TEJARES,PHI
Joanne,ALA,PHI
Liana Nicole,MORA,PHI
Suet-ying,LAM,HKG
Pak Chi,SOU,MAC
Wing Sze,YUEN,HKG
Ming-yan,CHOW,HKG
Zhimei,XU,MAC
Gabrielle Jeanette,LUI,HKG
Naomi Carol,SCHROEDER,HKG
Siu-kuk Cirrus,YIU,HKG
Ajina,CARAMPEL,PHI
Angela,BUENDIA,PHI
Chua,DENNIS,SGP
Gerald,VEROSIL,PHI
HuaLong,SONG,CHN
Pak-hei,LAU,HKG
Iman,MORA,PHI
Tsun-ting,IP,HKG
Alex,HO JIA YUE,SGP
JiaHao,FU,CHN
Paak-lok,CHAN,HKG
Tsz-hing,LEUNG,HKG
Wan I,LO,MAC
John Joseph,VELORIA,PHI
Mich Danielle,PINILI,PHI
Washington,JUSAY,PHI
Jose Mari Jr,CORTES,PHI
Lisa,CHULICH,USA
Leslie,ROMERO,VEN
Gabriela Andrea,SANDOVAL SEPÚLVEDA,CHI
Isabel,GIFFORD,USA
Emily,GONZALEZ,ECU
Alexandra,MENA,ECU
Josefina,MESA BARRIENTOS,CHI
Rocio Ailen,BECERRA,ARG
Gabby,LAMPNER,USA
Palmer,LARSEN,USA
Joseph,DIAZ,USA
Colin,WILLS,USA
Kai,LIGHTNER,USA
Charles,BARRON,USA
Jose Maria,ALJARO,CHI
Benjamin,AYALA,CHI
Jean,OURIQUES,BRA
Jakob,ELLIOTT,CAN
Pedro Ferreira,NICOLOSO,BRA
Gustavo Jose,PEREZ,VEN
Isaac,ESTEVEZ,ECU
Valentin,VARGAS,VEN
Valentin,STERNIK,ARG
Fernando,MORALES,GUA
Jimmy Edison,HUAYANAY,PER
Benjamin,VARGAS,CHI
Sergio,NEVAREZ,ECU
Juan Martin,PEÑA,ECU
Hector,MEJIA,GUA
Mateo,PACHECO,ECU
Luis,CHÁVEZ,GUA
Tomas,GUEVARA,VEN
Kokoro,TAKATA,JPN
Alexandra,ZHIZNEVSKAYA,KAZ
Rajiah,SALLSABILLAH,INA
MingWei,NI,CHN
Sari,AGUSTINA,INA
Youjin,CHA,KOR
Sze-lai,LEUNG,HKG
Yu-Chen,LIN,TPE
Juvelle,PUA,PHI
Puji,LESTARI,INA
Pisey,YIN,CAM
Ma. Erika Teresa,GANA,PHI
HaiBin,QU,CHN
Seungbin,CHOI,KOR
Reza,KOLASANGIAN,IRI
Artyom,DEVYATERIKOV,KAZ
Sungbo,SEO,KOR
Alexey,PANFILOV,KAZ
Adil Bin,AZMOON,SGP
Euncheol,SHIN,KOR
ZhiYong,OU,CHN
Zoren,LEGASPI,PHI
Abhishek,MEHTA,IND
Hinayah,MUHAMMAD,INA
Mohammadali,AGHADAVOUDI,IRI
Pangeran,SEPTO WIBOWO SIBURIAN,INA
Channy,CHO,CAM
Seyha,SOR,CAM
Chun-Hsiang,WANG,TPE
Veddriq,LEONARDO,INA
Sabri,SABRI,INA
Miu,KURITA,JPN
Rahil,RAMEZANI,IRI
Nawoo,CHOI,KOR
Shivani,CHARAK,IND
ZiHan,HUANG,CHN
Arundhati Prashant,JADHAV,IND
Choy,XIN YING,SGP
Made Rita Kusuma Dewi,DESAK,INA
Ting-Chen,YAO,TPE
ARAILYM,ONGALBAY,KAZ
Anastassiya,POSTOYENKO,KAZ
Dana,TOLKYBEK,KAZ
Jimin,JEONG,KOR
Momoka,MIYAJIMA,JPN
YangFang,SHI,CHN
JingYu,LI,CHN
Eilin,TAN,SGP
Anya,VAN ESSEN,THA
Sujeong,OH,KOR
ShuoNan,YU,CHN
Narda Mutia,AMANDA,INA
Fatemeh,POUR BAHRI RAH PEYMA,IRI
TANZILA,OSPAN,KAZ
Yun-Ya,HUANG,TPE
Koh,JEANETTE FRANCIS,SGP
Sophea,PHAN,CAM
Ling Shyen,SHERMYN TAN,SGP
Lintang Cahyani,SUKMA,INA
Sohha Ninad Diwan,DIWAN,IND
Sally,MAN,HKG
Honoka,MORIWAKI,JPN
Kharisma,RAGIL RAKASIWI,INA
Shuri,NISHIDA,JPN
LiJuan,DENG,CHN
Darya,PANFILOVA,KAZ
Dyah,PUSPITANINGTYAS,INA
XiaoYu,LI,CHN
Mariya,TEREKHOVA,KAZ
Shivpreet,PANNU,IND
Yi-Chen,LIN,TPE
Alina,MATEVOSSYAN,KAZ
Hidemasa,NISHIDA,JPN
Eojin,KIM,KOR
Kazuma,ISE,JPN
Ryo,OMASA,JPN
DiChong,HUANG,CHN
Pamumade,JASMICO,INA
Minseo,CHOI,KOR
YongChen,CHEN,CHN
hyeongjun,KIM,KOR
Mohammad,SOLTANI,IRI
Teeraphon,BOONDECH,THA
HaoChen,LIU,CHN
Owen Parhorasan Siburian,MICHAEL,INA
Iwan Putra,I PUTU,INA
Natthachai,MEKCHAI,THA
Samgat,KALIBAY,KAZ
VADIM,ISHMUKHAMETOV,KAZ
YaHao,LIU,CHN
SAI YUEN SEAN,CHAW,MAS
ZHEN YUEN DARRIUS,TAN,MAS
Ryoei,NUKUI,JPN
Kentaro,MAEDA,JPN
GuoQing,NI,CHN
JiaXuan,HUANG,CHN
Taeyeong,KIM,KOR
Seyedreza,TAGHIPOUR,IRI
JianGuo,LONG,CHN
DANIIL,MOISSEYEV,KAZ
Sunghoon,PARK,KOR
Rizky Samudra Dewantara,MOCH,INA
Tzu-Yu,CHOU,TPE
JiaJie,ZHANG,CHN
Yongjun,JUNG,KOR
Cheng-Hsiu,TSAI,TPE
Man-hei,CHUNG,HKG
Yanfai,HUY,CAM
Kristchote,BOONKOKIETTIKUL,THA
Rudrangsho,DEY,IND
Tsz-kiu,LAU,HKG
Bhumsit,MEKCHAI,THA
Naufal Firgian,MUHAMAD,INA
Jun Rong Adam,SHIEW,MAS
Matvey,YESSIPOV,KAZ
Yuta,IMAIZUMI,JPN
Taisei,HOMMA,JPN
Seunghyun,KIM,KOR
Bharath,PEREIRA,IND
Katibin,KIROMAL,INA
Chanwoo,SHIN,KOR
Alireza,PILEH FOOROOSHAN,IRI
Sim,QI XUAN,SGP
Valeriy,SERDYUK,KAZ
ALEXANDR,PETROV,KAZ
Stasa,GEJO,SRB
Alex,PUCCIO,USA
Katharina,SAURWEIN,AUT
Ekaterina,KIPRIIANOVA,RUS
Claire,BUHRFEIND,USA
Lilli,KIESGEN,GER
Karoline,SINNHUBER,AUT
Mina,MARKOVIC,SLO
Francis,GUILLEN,VEN
Giorgia,TESIO,ITA
Maya,MADERE,USA
Emma,HORAN,AUS
Tjasa,SLEMENSEK,SLO
Tina Johnsen,HAFSAAS,NOR
Cirvele,KATRĪNA,LAT
Jeongran,KO,KOR
Anastasija,TERIOCHINA,LTU
Alise,ZVIGULE,LAT
Camila,MACEDO,BRA
Karina,BILKOVA,CZE
Eliska,NOVOTNA,CZE
Meagan,MARTIN,USA
Babette,ROY,CAN
Daniela,KOTRBOVA,CZE
Luana,RISCADO,BRA
Erica,GATLAND,NZL
Nitsa,TVAURI,GEO
Lucy,WHITEHEAD,NZL
Alejandra,INZUNZA,CHI
Antonia,VALENZUELA,CHI
Patrícia,ANTUNES,BRA
Gabriele,MORONI,ITA
Jonatan,FLOR VAZQUEZ,ESP
Elias,WEILER,AUT
Matthew,COUSINS,GBR
Nicky,DE LEEUW,NED
Robert,LUBY,SVK
Stephane,HANSSENS,BEL
Sebastien,LAZURE,CAN
Riccardo,PIAZZA,ITA
Carlo,TRAVERSI,USA
Borja,FARAH,CHI
Jakub,JEDLICKA,CZE
Jorg,VERHOEVEN,NED
Petar,IVANOV,BUL
Meirāns,PĒTERIS,LAT
Sergio,VERDASCO URIZAL,ESP
Josef,SUNDAKOV-KRUMINS,AUS
Lukas,GEUKENS,BEL
Vojtech,TROJAN,CZE
Giga,JANKHOTELI,GEO
Yongsu,LEE,KOR
Nikola,PETROV,BUL
Hossein,FAMILROHANI,IRI
Benjamin,HANNA,USA
Donghyun,JANG,KOR
Borna,CUJIC,CRO
Ivan,PEVEC,CRO
Pedro,BELLO,CHI
Roman,KOVALYEV,KGZ
Aleksandr,SHORIKOV,EST
Viktor,TRPOVSKI,MKD
Reshmin Mihin,AMARASINGHE,LKA
Giorgi,DJAPARIDZE,GEO
Sergii,KARPIN,UKR
Maja,RUDKA,POL
solene,MOREAU,FRA
Lucie,VAILLANT BULTEL,FRA
Svetlana,SERGEEVA,RUS
Daniella,POPOVA,UKR
Ula,KOROLIOVA,LTU
Skruskopa,LAURA,LAT
Elza Elizabete,BARAKA,LAT
Kornelija,POLIAKOVAITE,LTU
Dominika,KODRA,SLO
Nina,GRELLIER,FRA
Elizaveta,GOFMAN,RUS
Anastasiia,VOLKOVA,RUS
Mariia,PLIASKINA,RUS
Robin,CASEY,GBR
Luna,MARSELLA BARBERIO,ESP
Ruby,WOOD,GBR
Franziska,RITTER,GER
Yulia,VOLCHEK,ISR
Megan,WYATT,GBR
Vera,KOZLIUK,LTU
Aiste,SVINKUNAITE,LTU
juliette,BEER,FRA
Nora,RAINER,ITA
Muriel,RUÍZ DE LARRAMENDI ARANGOA,ESP
Rugile,TAMOSIUNAITE,LTU
Elfe,CLAES,BEL
Kseniia,KRIVOSHEEVA,RUS
Laure-Anne,STEVENS,BEL
Ingrid Helene,AMUNDRUD,NOR
Mariia,YURINA,RUS
Mayya,BASANETS,RUS
Silvia,BARRETT,SWE
Lisa-Marie,KVANDAHL,NOR
Natalia,WOS,POL
Jana,ONDREJOVA,CZE
Alise,DROZDOVA,LAT
Lenka,FURDIKOVA,SVK
Krūmiņa,MADARA,LAT
Joshua,FOURTEAU,FRA
Timofei,KARPOV,RUS
Alessandro,CASTELLANI,ITA
Yaroslav,TKACH,UKR
Stephen,KEIR,GBR
Kirill,IUDIN,RUS
Justas,URBANAVICIUS,LTU
Donatien,MEEUS,BEL
Robert,COOK,GBR
Darragh,HOARE,IRL
Georgij,KOROLIOV,LTU
Ludwig,BREU,GER
Marek,JELIGA,CZE
Hannes,VAN DUYSEN,BEL
Jáchym,CINK,CZE
Aleksey,ZVEREV,RUS
Joonas,SALMI,FIN
Evgeny,KUZIN,RUS
Zygimantas,BICKAITIS,LTU
Nuno,FERREIRA,POR
Benedict,THURSTON,IRL
Dmitry,SEVANKAEV,LAT
Luka,HALLISSEY,IRL
Matthew,SMITH,IRL
Stefan,SCHMIEG,GER
Guillem,MONSECH GASCA,ESP
Pavel,KRATOCHVIL,SVK
Adrien,LEMAIRE,FRA
Mathias,POSCH,AUT
Jorge,DÍAZ-RULLO CALVO,ESP
Aleksei,IAKUSHEV,RUS
Samuel,OAKES,GBR
Brecht,WITTOEK,BEL
Conor,ORR,IRL
Jan,MACHARACEK,CZE
Nuno,LIMA,POR
Mélanie,SANDOZ,FRA
Clementine,KAISER,FRA
Aya,ONOE,JPN
Saeko,SUGIMURA,JPN
Momoka,KANEKO,JPN
Camille,FAILLE,FRA
Isabell,ADOLPH,GER
Romy,FUCHS,GER
Johanna,HOLFELD,GER
Alyssa,WEBER,CAN
Tan,SHI HUI,SGP
Jara,SPÄTE,SUI
Olivia,WYETT,CAN
Mª Carmen,ALARCÓN GRAU,ESP
Klaudia,BUCZEK,POL
Rhoslyn,FRUGTNIET,GBR
Sandra,JONSSON,SWE
Sara,ENGQVIST,SWE
BEGÜM,IŞIK,TUR
Lotina,DIANA,LAT
Sevda,GEYIK,TUR
Lara,ÖZAK,TUR
Ivanova,INTA,LAT
Yuki,HADA,JPN
David,FIRNENBURG,GER
Stephan,VOGT,GER
Guillaume,GLAIRON MONDET,FRA
Baptiste,OMETZ,SUI
Simon,UNGER,GER
Ruben,FIRNENBURG,GER
David,FITZGERALD,IRL
Nicolas,JANUEL,FRA
Clement,OZUN,FRA
Maxwell,AYRTON,GBR
Jerome,GONZÁLEZ GUTIÉRREZ,ESP
Moritz,HANS,GER
Andrea,ZANONE,ITA
Florian,WIENTJES,GER
Ciarán,SCANLON,IRL
Pouya,SHAFENEJAD,IRI
Zoltán,KOMJÁTI,HUN
Nadav,GROPPER,ISR
David,TRUDEAU,CAN
Sarp,SAHIN,TUR
Szymon,PECIKIEWICZ,POL
Mykola,SILEVYCH,UKR
MUHAMMET NURİ,AYDEMİR,TUR
Dombrovskis,ARTŪRS,LAT
Övgün,YILDIRIM,TUR
Arabella,JARIEL,USA
Emma,PALMER,USA
Yinki,YING,CAN
Gayeon,CHO,KOR
Zeta,HITTMANN,NZL
Elizaveta,TROKINA,RUS
Clara,VIEGAS REZENDE,BRA
Leila,SHMIDKE,KAZ
Nekaia,SANDERS,USA
Marielle,HORSTMANN,USA
Helen,GILLETT,USA
Sonya,COLLIANDER,CAN
Mateja,VUKOJEVIC,CAN
Pattama,AU-ARRENUSORN,THA
Sofiia,GLADKA,UKR
Khatan-Erdene,KHONGOR,MGL
Amaya,LAKMEEHARAN,RSA
Alisa,SRATHONGYOD,THA
Yosita,YIMLAMAI,THA
Zarina,AGILMANOVA,KAZ
Valeriia,IURASOVA,KGZ
Danielle,VISSER,RSA
Yelyzaveta,ZHOLOBKO,UKR
Bimini,HORSTMANN,USA
Audrey,MILLER,USA
Mika,HOSOI,CAN
Olesya,PROSEKOVA,RUS
Maryia,VERNIKOUSKAYA,BLR
Nolwenn,ARC,FRA
Katsiaryna,PAHUDA,BLR
Alexandra,BRYAKINA,KAZ
Olivia,CAMPTON-SMITH,AUS
Ross,FULKERSON,USA
Kantaro,ITO,JPN
Gabriel,GALEN,USA
Ilia,DANILIN,RUS
Luis,FUNK,GER
Mel,JANSE VAN RENSBURG,RSA
Tobias,PLANGGER,AUT
Darren,SKOLNIK,USA
Aidan,DOYLE,CAN
Markus,GILLBERG,SWE
Oleg,STEPANENKO,BLR
Manh,ELLIS,CAN
Riley,THURSTANS,AUS
Alex,VIVAS,ECU
Jun,PARK,AUS
Rene,LOMBARD,RSA
Uladzimir,NAIDZENSHEU,BLR
Isaac,QUINTANILLA,ECU
Fedir,RAZINKOV,UKR
Nikita,NIKITYUK,KAZ
Aliaksei,BURY,BLR
Anton,FEDARYNCHYK,BLR
Amgalantugs,BATSAIKHAN,MGL
Odbayar,ALTANZUL,MGL
Felipe,HAMDAR,BRA
Anthony,LESIK,USA
Colin,DUFFY,USA
Ethan,FREUDENHEIM,USA
Ethan,HOFFMAN,CAN
Aiden,YANEV,AUS
Louis,FECHOZ,AUS
Connor,HERSON,USA
Egor,GOLUBTSOV,RUS
Jaejun,LIM,KOR
Jack,TAYLOR,AUS
Henry,BOOKER,NZL
Deokyoung,KIM,KOR
Luke,GARDNER,NZL
Isa,KONUSHBAEV,KGZ
Daniil,ABABKOV,KGZ
Luis Alejandro,ESCOBAR,ECU
Ross,LE ROUX,RSA
Ethan,PEARMAN,RSA
Gleb,ROZHKOV,KGZ
Sam,STRUTHERS,USA
Bobby,TAFT - PITTMAN,USA
Seungchan,CHOI,KOR
pino,LEON,CHI
David,OBERPRANTACHER,ITA
Jacob,SCHARFMAN,USA
Matin,BAYAT,IRI
Zachary,MATHIEU,CAN
Ilya,TALDYKIN,BLR
Viktar,ABLAZHEVICH,BLR
Nicholas,MEINEL,RSA
Oliver,SOAR,NZL
Joshua,GREAVES,RSA
Sergei,MYSAKOV,KGZ
Santiago,CHRISTENSEN,ARG
Samuel,MUNDAY,NZL
Ani,TRENDAFILOVA,BUL
Nora,HOVDE,NOR
DURU GÜNEŞ,YALÇIN,TUR
BEGÜM ZEYNEP,ÇATAK,TUR
MÜGE,ELÇİ,TUR
ZEYNEP,ŞEN,TUR
Viktoria,PODOLAN,AUT
Andjela,SEKULIC,SRB
GÜLAY,BALIK,TUR
HATİCE,UZUN,TUR
SAFİYE BEGÜM,ŞEN,TUR
Jake,COLLINS,GBR
Gabriel,LISOVTSEV,ISR
MUHAMMET ALİ,KESKİN,TUR
Theodoros,BANITSIOTIS,GRE
MUHAMMET,KARYAĞDI,TUR
Thomas,KOSMAS,GRE
Niv,LAROM,ISR
SAFET,ASLAN,TUR
NURETTİN CEM,PUHALOĞLU,TUR
Ioannis,STAVRIANIDIS,GRE
Gur,BENESH-RAVIV,ISR
Ariel,ROIZ,ISR
Kirill,POLEVOI,RUS
HURŞİT İBRAHİM,KILIÇ,TUR
CENK,ÜNSALAN,TUR
Konstantinos,AVRAAM,GRE
UMUTCAN,AYTAÇ,TUR
CEM,BABA,TUR
Christian,RANGE,GER
Theofanis-Ermis,THEOCHAROPOULOS,GRE
Elmir,NEDELCHEV,BUL
VAHAP,KARADAĞ,TUR
Pedro,MOTA,POR
Ahmet Yusuf,KILIC,TUR
"Mingxin, Judith",SIM,SGP
Pankaew,PLYPOOLSUP,THA
Narada,DISYABUT,THA
Panchamaya,TAMANG,NEP
Nichamon,SAMANTARAT,THA
Jiraporn,KAITWATCHARACHAI,THA
Panadda,PEASAI,THA
Paul,EMMANUEL RYAN,SGP
Sontayed,ASAVAHAME,THA
Islamidin,KARIMOV,KGZ
Vicky,BHALERAO,IND
Ivan,ISAEV,KGZ
Siu-hei,TANG,HKG
Nikita,DEVYATERIKOV,KAZ
Emilio,GOMEZ,PHI
Paphon,KASEMVUDHI,THA
Surat,KHUEANGTRACHOO,THA
Roman,KOSTYUKOV,KAZ
Itsara,KULIMAKIN,THA
Glenn,LOMINOQUE,PHI
Bhim,TAMANG,NEP
Petch,VIWATSINUDOM,THA
Michaela,KIERSCH,USA
Leah,CRANE,GBR
Michaela,TRACY,GBR
LaMu,RENQING,CHN
Megan,LYNCH,USA
Lily,CANAVAN,USA
Maggie,HAMMER,USA
Anna,KELLY,USA
Maddy,MORRIS,USA
Vasya,VOROTNIKOV,USA
Keenan,TAKAHASHI,USA
Tyler,LANDMAN,GBR
ZiDa,MA,CHN
Noah,RIDGE,USA
Solomon,BARTH,USA
Jj,MAH,CAN
Michael,O'ROURKE,USA
Daniel,BEALL,USA
Mohammad,JAFARI MAHMOUDABADI,IRI
Daniel,KRULWICH,ISR
Danila,YAMCHUK,LAT
Tomoko,KAJIMA,JPN
Momoka,ODA,JPN
Akane,KINOSHITA,JPN
Ayari,SAKAMOTO,JPN
Vanessa Si Yinn,TENG,SGP
Asja,GOLLO,ITA
Karin,KOJIMA,JPN
KATSUKI,BAMBA,JPN
Yuki,HIROSHIGE,JPN
Imogen,HORROCKS,GBR
Debbie Zi Jing,TAN,SGP
Sarah,HAY,NZL
Justine,MCCARNEY,CAN
YUYA,KITAE,JPN
Masahiro,HIGUCHI,JPN
Kaito,WATANABE,JPN
Ryohei,KAMEYAMA,JPN
Ryosuke,HIBINO,JPN
Makoto,YAMAUCHI,JPN
Tsukuru,HORI,JPN
Liam,HEALY,AUS
Samuel,BOWMAN,AUS
Alistair,EARLEY,AUS
Asher Gavin,CHIAM KAI CHEN,SGP
Elias,EDVARDSEN,DEN
Yuki,NAJIMA,JPN
Sergei,BYDTAEV,RUS
Rafal,HALASA,POL
Amelie,KÜHNE,GER
Jana,SANIN,ITA
Natalie,ABLINGER,AUT
Isabelle,VAN DER HEIJDEN,NED
Käthe,ATKINS,GER
Mette,VAN LIEMPD,NED
Lena,LOSINSKYJ,AUT
Eliška,HOBZOVÁ,CZE
Edith,SAVENIJE,NED
Amber,SCHIFFELEERS,NED
Lies,VAN RAAIJ,NED
Lynn,VAN DER MEER,NED
Lukas,AMPLATZ,ITA
Mauro,NAROSKA,GER
Hampus,CALMERÅS,SWE
Gustaf,SONESSON,SWE
Tycho,VAN DER STRAATEN,NED
Elias,SANIN,ITA
Benjamin,HAIDACHER,AUT
Niccolò,DITOMMASO,ITA
Ido,ILOUS,ISR
Léo,FERRERA,FRA
Enrico,MOSCONI,ITA
Benjamin,PRESTON,GBR
Joseph,CZUBKOWSKI,GBR
Gidion,VAN DOORN,NED
Zeno,SCHAEKERS,NED
Alla,MARENYCH,UKR
Edyta,ROPEK,POL
Hongil,KIM,KOR
Donghyeon,KIM,KOR
Alessandro,SANTONI,ITA
Rustam,GELMANOV,RUS
Seungwoon,CHO,KOR
Keiichiro,KORENAGA,JPN
Tyler,FLEURY,NZL
Leonardo,GONTERO,ITA
Kye,WOTTON,CAN
Lisa,MOSER,ITA
Alba,PELFORT VENTURA,ESP
Ana,GUCHKO,POR
Mia,BURNS,IRL
Martina,DE PRETO,ITA
Noé,MOUTAULT,FRA
Michele,BONO,ITA
Jonas,UTELLI,SUI
Jan,KROSZKA,POL
Annalisa,TOGNON,SUI
Chiara,SCHAFFERER,AUT
Alexandra,GULLBERG,SWE
Ingrid,WINGARDH,SWE
Matylda,MALEC,POL
Melissa,BERNHARD,SUI
Kitty,MORRISON,GBR
Helen,DANCO,GER
Lydia,FILIPSSON,SWE
Laura,LOIKAS,FIN
Simona,PROKESOVA,CZE
Alina,BENAZZI,ITA
Sofie,ASTERLING,SWE
Ariana Maria,DUDAU,ROU
Heta,MATTILA,FIN
Katharina,TOGNON,SUI
Dina,BOLANDER,SWE
Olivia,MARSELLA BARBERIO,ESP
Kimo,FILIP,AUT
Davide,CAPPERUCCI,ITA
Arne,FARESTVEIT,NOR
Anton,YAKUBENKO,SWE
Bartlomiej,PODLEWSKI,POL
Maximilian,LENZ,AUT
Grega,VERBUC,SLO
Piotr,SALACH,POL
Kilian,COP,SLO
Alois,REMUND,SUI
Luca,BERTACCO,ITA
Felix Ståhl,WADSTEN,SWE
Christian Phillip,ELIASSEN,NOR
Katharina,POSCH,AUT
Hannah,SCHUBERT,AUT
Rebekka,STOTZ,SUI
Ekaterina,NOVITSKAIA,RUS
Mariia,MUSIENKO,RUS
Mie (Marie Therese),KASTET,NOR
Olga,KUSHCH,RUS
Dinara,FAKHRITDINOVA,RUS
Fatemeh,JAFARI MAHMODABADI,IRI
Nataliia,STEPANOVA,RUS
Kseniya,KOPUSAVA,BLR
Daria,TITKINA,BLR
Bahareh,BADRABADI,IRI
Hadis,NAZARIROBATI,IRI
Valeriia,DERIABINA,RUS
Nicolas,PELORSON,FRA
Vlas,GAVRILOV,RUS
Oleg,POKUSAYEV,UKR
Artem,PETRAKOV,RUS
Jules,NICOULEAU BOURLES,FRA
Anton,SVIRIDOV,RUS
Jurijs,KRASANOVS,LAT
Oleg,PEYSAKHOVICH,RUS
Arman,TER-MINASYAN,RUS
Yury,TAKZHANOV,RUS
Orrin,COLEY,GBR
Dmitrii,POPOV,RUS
Will,JOHNSON,CAN
Vasily,KOZLOV,RUS
Nikolai,MOROZOV,RUS
Artem,PAUKAIEV,UKR
Vladislav,SHEVCHENKO,RUS
Maja,JONJIC ARNAUTOVIC,ESP
Tove,WÅHLIN,SWE
Franz,KRAKENBERGER,SUI
Marco,MÜLLER,SUI
Christoph,HANKE,GER
Hristo,ALTANCHEV,BUL
Ricardo,COIMBRA,POR
Manuel Filipe,CARVALHO,POR
Fitria,HARTANI,INA
Wei Sze Felicia,LIM,SGP
Pui-yim,LAU,HKG
Wai-mui,LING,HKG
Sungjoon,CHAE,KOR
Anam,KHOIRUL,INA
Cahya,ANGGA,INA
Aviansyah,AAN,INA
Ashraf,MOHAMMAD SAPRI,SGP
Huda Wardana,AKBAR,INA
Moch,SALIM,INA
Brandon,GRAGEDA,PHI
Paul Eli,SUSON,PHI
Ming-ho,LI,HKG
